City_ID,City,Lat,Lng,Max Temp,Humidity,Cloudiness,Wind Speed,Country,Current Description
0,Port+Blair,11.6667,92.75,79.68,80,1,8.14,IN,clear sky
1,Grand+Gaube,-20.0064,57.6608,79.0,80,0,3.0,MU,clear sky
2,Chulym,55.0997,80.9572,-17.61,85,5,8.9,RU,clear sky
3,Taltal,-25.4,-70.4833,71.69,55,9,4.92,CL,clear sky
4,Ushuaia,-54.8,-68.3,51.8,62,20,26.46,AR,few clouds
5,Cape+Town,-33.9258,18.4232,77.0,60,20,12.66,ZA,few clouds
6,Margate,51.3813,1.3862,39.99,90,100,4.0,GB,overcast clouds
7,Georgetown,5.4112,100.3354,80.6,83,20,3.44,MY,few clouds
8,Busselton,-33.65,115.3333,68.0,64,0,1.99,AU,clear sky
9,Karasuk,53.7377,78.0403,7.74,96,81,8.39,RU,broken clouds
10,Dusetos,55.75,25.85,25.21,96,99,10.31,LT,overcast clouds
11,Bredasdorp,-34.5322,20.0403,71.01,77,0,5.01,ZA,clear sky
12,Dubti,11.7361,41.0853,77.27,20,0,3.51,ET,clear sky
13,Cabedelo,-6.9811,-34.8339,87.8,58,40,14.97,BR,scattered clouds
14,Mahibadhoo,3.7833,72.9667,81.25,74,0,11.68,MV,clear sky
15,Tasiilaq,65.6145,-37.6368,15.8,41,75,17.27,GL,broken clouds
16,Longyearbyen,78.2186,15.6401,-2.2,50,20,21.85,SJ,few clouds
17,Porto+Novo,6.4965,2.6036,86.0,79,40,11.5,BJ,scattered clouds
18,Elliot+Lake,46.3834,-82.6331,17.6,62,1,5.75,CA,clear sky
19,Santa+Maria,-29.6842,-53.8069,86.0,66,75,5.75,BR,broken clouds
20,Port+Alfred,-33.5906,26.891,70.0,86,0,1.01,ZA,clear sky
21,Calvinia,-31.4707,19.776,73.31,37,0,10.65,ZA,clear sky
22,Mar+Del+Plata,-38.0023,-57.5575,64.4,55,90,23.02,AR,overcast clouds
23,Iracoubo,5.4802,-53.2011,79.47,87,85,14.5,GF,light rain
24,Mahebourg,-20.4081,57.7,78.8,89,75,5.75,MU,broken clouds
25,Ushtobe,45.2514,77.9838,16.83,86,26,4.65,KZ,scattered clouds
26,Saint-Philippe,-21.3585,55.7679,80.6,65,0,9.22,RE,light rain
27,Hithadhoo,-0.6,73.0833,82.89,75,78,13.2,MV,broken clouds
28,Leninsk,48.7119,45.1994,33.8,93,20,11.18,RU,few clouds
29,Moose+Factory,51.2585,-80.6094,-0.4,78,90,4.61,CA,light snow
30,Krishnagiri,12.5333,78.2333,69.39,67,0,3.74,IN,clear sky
31,Jamestown,42.097,-79.2353,26.01,79,90,4.9,US,light snow
32,Narsaq,60.9167,-46.05,41.0,30,75,35.68,GL,broken clouds
33,Ribeira+Grande,38.5167,-28.7,64.4,88,75,17.27,PT,broken clouds
34,Bissendorf,52.2333,8.1667,32.0,80,20,8.05,DE,few clouds
35,Berlevag,70.8578,29.0864,25.77,96,100,23.53,NO,light snow
36,Victoria,22.2855,114.1577,62.01,78,1,16.87,HK,clear sky
37,Cidreira,-30.1811,-50.2056,85.26,67,35,8.57,BR,scattered clouds
38,Puerto+Del+Rosario,28.5004,-13.8627,68.0,73,0,19.57,ES,clear sky
39,East+London,-33.0153,27.9116,73.4,78,40,8.05,ZA,scattered clouds
40,Iquique,-20.2208,-70.1431,73.4,56,0,16.11,CL,clear sky
41,La+Rosa,15.35,-87.0667,75.2,78,40,2.3,HN,scattered clouds
42,Hermanus,-34.4187,19.2345,71.01,77,0,5.01,ZA,clear sky
43,Plettenberg+Bay,-34.0527,23.3716,70.05,68,3,4.41,ZA,clear sky
44,Halifax,44.6453,-63.5724,24.01,68,100,11.5,CA,overcast clouds
45,Bilma,18.6853,12.9164,68.74,20,49,6.29,NE,scattered clouds
46,Bubaque,11.2833,-15.8333,80.73,56,0,12.53,GW,clear sky
47,Carutapera,-1.195,-46.02,82.22,80,87,10.42,BR,overcast clouds
48,Hobyo,5.3505,48.5268,76.71,74,7,15.59,SO,clear sky
49,La+Ciotat,43.1748,5.6045,48.99,89,100,5.99,FR,light rain
50,Torbay,47.6666,-52.7314,30.99,86,90,18.41,CA,overcast clouds
51,Bandarbeyla,9.4942,50.8122,75.02,71,0,14.38,SO,clear sky
52,Ponta+Do+Sol,32.6667,-17.1,64.0,73,39,5.01,PT,scattered clouds
53,Nosy+Varika,-20.5833,48.5333,80.17,80,5,8.37,MG,clear sky
54,Korla,41.7597,86.1469,25.0,79,0,5.93,CN,clear sky
55,Sainte-Suzanne,-20.9061,55.6089,80.6,69,28,12.66,RE,light rain
56,Pisco,-13.7,-76.2167,77.0,78,0,11.5,PE,clear sky
57,Bosilegrad,42.5011,22.4724,32.47,94,44,3.44,RS,scattered clouds
58,Port+Hawkesbury,45.6169,-61.3485,30.0,68,90,9.22,CA,overcast clouds
59,Iqaluit,63.7506,-68.5145,-9.0,70,20,16.11,CA,snow
60,Ostrovnoy,68.0531,39.5131,11.64,95,100,11.43,RU,light snow
61,Port+Elizabeth,-33.918,25.5701,69.8,78,0,10.36,ZA,clear sky
62,Nanortalik,60.1432,-45.2371,36.12,77,100,16.73,GL,overcast clouds
63,Caravelas,-17.7125,-39.2481,85.01,53,6,9.28,BR,clear sky
64,Tigzirt,36.8886,4.1198,60.76,75,82,14.81,DZ,broken clouds
65,Visnes,59.3556,5.2242,26.6,93,20,1.14,NO,few clouds
66,Sao+Joao+Da+Barra,-21.6403,-41.0511,87.8,42,0,23.02,BR,clear sky
67,Samsun,41.25,36.3333,53.6,26,75,4.61,TR,broken clouds
68,Santa+Cruz+Del+Sur,20.7147,-77.9956,79.12,49,0,17.69,CU,clear sky
69,Vardo,70.3705,31.1107,30.2,86,75,24.16,NO,light snow
70,Tucurui,-3.7661,-49.6725,88.9,61,39,5.3,BR,scattered clouds
71,Tsiroanomandidy,-18.7667,46.0333,71.35,83,100,2.06,MG,moderate rain
72,Pehowa,29.9833,76.5833,49.86,47,2,4.63,IN,clear sky
73,Arrecife,28.963,-13.5477,68.0,64,20,17.27,ES,few clouds
74,Boende,-0.2167,20.8667,70.75,96,100,2.26,CD,light rain
75,Riyadh,24.6877,46.7219,62.6,29,0,8.05,SA,clear sky
76,Manicore,-5.8092,-61.3003,86.0,74,75,4.61,BR,broken clouds
77,Castro,-24.7911,-50.0119,72.63,86,90,5.97,BR,overcast clouds
78,Isetskoye,56.4858,65.3226,15.85,96,99,7.18,RU,overcast clouds
79,Bud,39.447,-86.1758,34.0,69,100,12.26,US,overcast clouds
80,Brae,60.3964,-1.353,33.8,86,40,9.22,GB,scattered clouds
81,Qaanaaq,77.484,-69.3632,-5.24,72,99,1.83,GL,overcast clouds
82,Esmeraldas,-19.7625,-44.3139,87.8,45,40,5.75,BR,scattered clouds
83,Kontagora,10.3999,5.4695,94.05,10,0,1.1,NG,clear sky
84,Hambantota,6.1241,81.1185,78.17,83,90,11.77,LK,overcast clouds
85,Ocean+City,39.2776,-74.5746,30.99,37,1,14.97,US,clear sky
86,Quatre+Cocos,-20.2078,57.7625,79.0,89,75,5.75,MU,broken clouds
87,Bathsheba,13.2167,-59.5167,84.2,61,40,14.97,BB,scattered clouds
88,Muli,2.9167,73.5667,81.66,78,15,14.83,MV,few clouds
89,Klaksvik,62.2266,-6.589,35.6,93,75,2.3,FO,broken clouds
90,Jijiga,9.35,42.8,64.67,40,0,11.86,ET,clear sky
91,Akureyri,65.6835,-18.0878,19.4,63,75,6.91,IS,broken clouds
92,Sao+Gabriel+Da+Cachoeira,-0.1303,-67.0892,93.94,41,1,3.89,BR,clear sky
93,Saint-Joseph,-21.3667,55.6167,80.6,65,0,9.22,RE,light rain
94,Olafsvik,64.8945,-23.7142,23.52,91,36,20.65,IS,scattered clouds
95,Kisangani,0.5167,25.2,76.46,74,100,2.08,CD,overcast clouds
96,Sao+Miguel+Do+Araguaia,-13.275,-50.1628,88.16,57,63,3.65,BR,broken clouds
97,Koygorodok,60.445,50.9968,26.01,97,100,11.41,RU,light snow
98,Waddan,29.1614,16.139,66.18,26,0,5.64,LY,clear sky
99,Derzhavinsk,51.1,66.3167,19.09,94,100,9.75,KZ,overcast clouds
100,Vila+Velha,-20.3297,-40.2925,87.8,55,20,17.27,BR,few clouds
101,Punta+Arenas,-53.15,-70.9167,57.2,51,40,27.63,CL,scattered clouds
102,Lebu,-37.6167,-73.65,62.31,70,4,9.33,CL,clear sky
103,Camacha,33.0833,-16.3333,62.6,100,75,10.36,PT,broken clouds
104,Saint+George,37.1041,-113.5841,39.99,93,1,1.95,US,clear sky
105,Basoko,1.2391,23.616,81.43,60,92,3.8,CD,overcast clouds
106,Naryan-Mar,67.6713,53.087,2.62,93,100,14.43,RU,light snow
107,Arnstadt,50.8333,10.95,28.99,86,90,6.91,DE,overcast clouds
108,Bambous+Virieux,-20.3428,57.7575,79.0,89,75,5.75,MU,broken clouds
109,Portree,57.4129,-6.1942,33.01,79,24,1.99,GB,few clouds
110,Marsa+Matruh,31.3525,27.2453,71.6,37,0,17.27,EG,clear sky
111,Sohag,26.557,31.6948,64.4,34,0,5.75,EG,clear sky
112,Mantua,45.1667,10.7833,43.0,75,20,4.61,IT,few clouds
113,Grindavik,63.8424,-22.4338,26.6,74,40,20.71,IS,scattered clouds
114,Labytnangi,66.6572,66.4183,-24.95,85,100,6.87,RU,overcast clouds
115,Khowst,33.3833,69.8833,44.28,52,0,0.36,AF,clear sky
116,Sonqor,34.7837,47.6004,35.6,69,20,11.5,IR,few clouds
117,Kharan,28.5833,65.4167,60.4,22,0,2.75,PK,clear sky
118,Usinsk,65.9939,57.5281,-0.89,93,100,9.86,RU,light snow
119,Sakakah,29.9697,40.2064,51.8,35,0,5.19,SA,clear sky
120,Manati,18.4275,-66.4921,79.0,80,29,4.0,PR,scattered clouds
121,Nurota,40.5614,65.6886,51.8,40,100,6.91,UZ,overcast clouds
122,Kyzyl-Suu,42.3414,78.0056,22.57,69,0,11.41,KG,clear sky
123,Uvat,59.1433,68.8953,6.58,94,100,11.27,RU,overcast clouds
124,Ciudad+Real,39.0,-4.0,53.01,75,100,11.01,ES,overcast clouds
125,Krasnoselkup,65.7,82.4667,-33.3,78,36,8.03,RU,scattered clouds
126,Codrington,-38.2667,141.9667,55.89,81,20,4.72,AU,few clouds
127,Tandil,-37.3217,-59.1332,68.0,52,100,8.01,AR,light rain
128,Kayes,14.0,-11.0,99.3,7,0,5.46,ML,clear sky
129,Saldanha,-33.0117,17.9442,67.3,81,0,13.49,ZA,clear sky
130,Luziania,-16.2525,-47.9503,86.0,42,75,11.5,BR,broken clouds
131,Santa+Isabel,-23.3156,-46.2214,93.2,35,0,10.36,BR,clear sky
132,Kassala,15.451,36.4,76.1,49,0,14.74,SD,clear sky
133,Savalou,7.9281,1.9756,98.96,18,0,3.24,BJ,clear sky
134,Cap+Malheureux,-19.9842,57.6142,79.0,80,0,3.0,MU,clear sky
135,Bonavista,48.6499,-53.1147,30.0,93,97,4.61,CA,overcast clouds
136,Royan,45.6285,-1.0281,51.8,82,90,20.71,FR,light rain
137,Lanzhot,48.7244,16.9669,37.0,74,100,7.65,CZ,light snow
138,Luderitz,-26.6481,15.1594,73.74,47,0,28.3,NA,clear sky
139,Belen,36.4891,36.2233,46.4,100,75,23.02,TR,moderate rain
140,Matara,5.9485,80.5353,77.56,85,100,1.16,LK,overcast clouds
141,Bam,29.106,58.357,62.33,31,10,7.49,IR,clear sky
142,Barranca,-10.75,-77.7667,75.11,65,100,9.71,PE,overcast clouds
143,Humaita,-7.5061,-63.0208,93.04,51,78,3.58,BR,broken clouds
144,Harper,4.375,-7.7169,81.84,78,54,9.35,LR,light rain
145,Taloqan,36.7361,69.5345,48.52,46,95,6.46,AF,overcast clouds
146,Aklera,24.4167,76.5667,58.98,32,0,3.96,IN,clear sky
147,Dikson,73.5069,80.5464,-35.57,82,29,9.35,RU,scattered clouds
148,Muscat,23.6139,58.5922,66.2,72,0,1.14,OM,clear sky
149,Sao+Filipe,14.8961,-24.4956,76.91,55,100,10.76,CV,overcast clouds
150,Morant+Bay,17.8815,-76.4093,86.0,54,20,8.05,JM,few clouds
151,Mimongo,-1.6195,11.6068,71.42,92,99,2.51,GA,overcast clouds
152,Najran,17.4924,44.1277,73.4,25,0,5.68,SA,clear sky
153,Presidencia+Roque+Saenz+Pena,-26.7852,-60.4388,91.0,57,37,4.0,AR,scattered clouds
154,Goderich,43.7501,-81.7165,26.6,68,100,5.75,CA,overcast clouds
155,Clyde+River,70.4692,-68.5914,-18.4,83,1,4.61,CA,clear sky
156,Gerash,27.6652,54.1371,62.6,42,0,2.75,IR,clear sky
157,Baymak,52.5933,58.3225,20.17,98,98,2.84,RU,overcast clouds
158,Baijiantan,45.6333,85.1833,7.07,91,0,1.48,CN,clear sky
159,Neuquen,-38.9516,-68.0591,73.4,53,75,3.44,AR,broken clouds
160,Middle+Island,40.8843,-72.9373,25.0,39,1,17.27,US,clear sky
161,Paamiut,61.994,-49.6678,31.15,87,92,8.19,GL,overcast clouds
162,Praia+Da+Vitoria,38.7333,-27.0667,66.2,82,75,26.89,PT,broken clouds
163,Agaro,7.85,36.65,69.21,44,93,4.45,ET,overcast clouds
164,Husavik,66.0449,-17.3389,19.4,63,75,6.91,IS,broken clouds
165,Balad,34.0164,44.1453,55.08,44,64,1.74,IQ,broken clouds
166,Nouadhibou,20.931,-17.0347,87.8,19,68,12.66,MR,broken clouds
167,Monrovia,6.3005,-10.7969,84.2,74,75,4.61,LR,broken clouds
168,Wilmington+Island,32.0036,-80.9737,59.0,50,90,13.8,US,overcast clouds
169,Japura,-0.3167,102.35,72.99,96,95,1.63,ID,light rain
170,Mariinskiy+Posad,56.115,47.718,24.8,80,40,11.18,RU,scattered clouds
171,Bushehr,28.9684,50.8385,64.4,63,0,13.8,IR,clear sky
172,Geraldton,-28.7667,114.6,86.0,25,0,11.5,AU,clear sky
173,Vestmannaeyjar,63.4427,-20.2734,32.0,80,75,12.66,IS,broken clouds
174,Parainen,60.3067,22.301,24.01,86,40,6.91,FI,light snow
175,Mendi,-6.1761,143.6513,56.32,98,100,1.83,PG,light rain
176,Nepa+Nagar,21.4667,76.4,64.18,26,0,6.26,IN,clear sky
177,Igarka,67.4667,86.5833,-34.51,76,0,4.85,RU,clear sky
178,Antofagasta,-23.65,-70.4,73.99,60,20,12.66,CL,few clouds
179,Las+Matas+De+Farfan,18.8731,-71.5166,77.5,55,86,2.06,DO,overcast clouds
180,Sabha,27.0377,14.4283,59.65,34,0,4.23,LY,clear sky
181,Arraial+Do+Cabo,-22.9661,-42.0278,93.2,48,0,19.57,BR,clear sky
182,Galle,6.0367,80.217,77.56,86,100,2.44,LK,overcast clouds
183,Laguna,38.421,-121.4238,48.0,87,90,3.44,US,overcast clouds
184,Inhambane,-23.865,35.3833,86.0,74,20,2.3,MZ,few clouds
185,San+Vicente,-26.6167,-54.1333,68.9,100,99,5.48,AR,overcast clouds
186,Tshikapa,-6.4167,20.8,78.69,78,93,2.28,CD,light rain
187,Vila+Franca+Do+Campo,37.7167,-25.4333,64.99,94,40,16.11,PT,scattered clouds
188,Peniche,39.3558,-9.3811,57.99,73,69,14.0,PT,broken clouds
189,Mountrath,52.9989,-7.4728,39.99,87,100,11.99,IE,overcast clouds
190,Salym,60.0625,71.4789,-7.35,90,100,11.12,RU,overcast clouds
191,Dailly,46.2,7.0333,39.99,96,100,4.61,CH,light rain
192,Mogadishu,2.0371,45.3438,76.89,76,22,22.1,SO,few clouds
193,Upernavik,72.7868,-56.1549,-9.78,86,2,7.78,GL,clear sky
194,Ilulissat,69.2167,-51.1,3.2,60,40,8.05,GL,scattered clouds
195,Saint-Pierre,-21.3393,55.4781,80.6,65,0,9.22,RE,light rain
196,Bozova,37.3625,38.5267,41.0,81,75,16.11,TR,broken clouds
197,Miandrivazo,-19.5167,45.4667,81.9,75,88,3.29,MG,moderate rain
198,Asgabat,37.95,58.3833,55.4,47,75,13.8,TM,broken clouds
199,Ilhabela,-23.7781,-45.3581,85.48,62,50,4.68,BR,scattered clouds
200,Farafangana,-22.8167,47.8333,80.69,80,2,12.35,MG,clear sky
201,Birao,10.2849,22.7882,81.9,15,0,7.25,CF,clear sky
202,Luanda,-8.8368,13.2343,86.0,62,20,9.22,AO,few clouds
203,San+Cristobal,7.7669,-72.225,82.4,61,40,11.5,VE,scattered clouds
204,Rovaniemi,66.5,25.7167,12.2,85,100,9.22,FI,light snow
205,Sabzevar,36.2126,57.6819,49.03,50,81,0.6,IR,broken clouds
206,Caconda,-13.7333,15.0667,68.43,74,97,5.82,AO,overcast clouds
207,Villa+San+Giovanni,38.2276,15.6386,60.01,82,20,3.44,IT,few clouds
208,Bethanien,-26.502,17.1583,93.33,9,0,8.88,NA,clear sky
209,Gonbad-E+Qabus,37.25,55.1672,46.4,87,90,5.64,IR,overcast clouds
210,Qaqortoq,60.7167,-46.0333,41.0,30,75,35.68,GL,broken clouds
211,Kasongo,-4.45,26.6667,73.76,91,66,3.4,CD,light rain
212,Oceanside,33.1959,-117.3795,54.0,71,1,3.44,US,clear sky
213,Kalmunai,7.4167,81.8167,77.7,84,77,6.44,LK,broken clouds
214,Saint-Augustin,51.226,-58.6502,29.59,93,22,15.12,CA,few clouds
215,Gat,31.61,34.7642,55.0,50,0,7.4,IL,clear sky
216,Muisne,0.6,-80.0333,80.6,94,90,3.44,EC,light rain
217,Manali,13.1667,80.2667,77.0,78,20,3.44,IN,haze
218,Qostanay,53.1667,63.5833,8.6,92,0,4.47,KZ,clear sky
219,Kruisfontein,-34.0033,24.7314,71.01,69,0,7.0,ZA,clear sky
220,Touros,-5.1989,-35.4608,87.8,55,40,13.8,BR,scattered clouds
221,Rocha,-34.4833,-54.3333,84.7,38,80,15.59,UY,light rain
222,Taoudenni,22.6783,-3.9836,85.64,13,0,9.46,ML,clear sky
223,Tabuk,17.4189,121.4443,63.09,87,80,3.47,PH,broken clouds
224,Jaciara,-15.9653,-54.9683,90.07,48,65,5.84,BR,broken clouds
225,Gazanjyk,39.2446,55.5154,50.47,63,100,1.9,TM,overcast clouds
226,Tazovskiy,67.4667,78.7,-33.41,82,82,8.46,RU,broken clouds
227,Comodoro+Rivadavia,-45.8667,-67.5,64.4,45,20,6.91,AR,few clouds
228,Sliven,42.6858,26.3292,41.0,100,40,4.61,BG,scattered clouds
229,Kavaratti,10.5669,72.642,81.41,69,65,7.29,IN,broken clouds
230,Tutoia,-2.7619,-42.2744,89.6,62,20,21.85,BR,few clouds
231,Arica,-18.475,-70.3042,75.2,57,0,13.8,CL,clear sky
232,Torbat-E+Jam,35.244,60.6225,55.35,38,85,8.7,IR,overcast clouds
233,Creemore,44.327,-80.1075,19.4,73,29,3.44,CA,scattered clouds
234,Rochegda,62.8,43.25,19.85,97,100,6.6,RU,overcast clouds
235,Ashoknagar,24.5667,77.7167,53.92,37,0,6.04,IN,clear sky
236,Ventspils,57.3894,21.5606,32.0,74,75,17.27,LV,broken clouds
237,Abu+Kamal,34.4506,40.9171,53.38,45,48,8.12,SY,scattered clouds
238,Cascais,38.6979,-9.4215,60.01,77,20,14.97,PT,few clouds
239,Zambezi,-13.5432,23.1047,73.31,82,100,3.87,ZM,light rain
240,Sakaraha,-22.9,44.5333,71.55,85,33,6.11,MG,light rain
241,Sao+Jose+Da+Coroa+Grande,-8.8978,-35.1478,83.46,66,93,10.65,BR,overcast clouds
242,Madinat+Sittah+Uktubar,29.8167,31.05,64.4,34,0,16.11,EG,clear sky
243,Dwarka,22.2394,68.9678,69.17,50,0,15.17,IN,clear sky
244,Vestmanna,62.1564,-7.1664,35.6,93,75,2.3,FO,broken clouds
245,Nola,40.922,14.5329,55.99,77,64,1.01,IT,broken clouds
246,Muros,42.7762,-9.0603,55.99,71,100,5.99,ES,overcast clouds
247,Souillac,-20.5167,57.5167,78.8,89,75,5.75,MU,broken clouds
248,Toamasina,-18.1667,49.3833,82.4,78,40,3.44,MG,light rain
249,Tiznit,29.5833,-9.5,63.79,53,0,9.24,MA,clear sky
250,Leshukonskoye,64.8989,45.7622,20.03,97,100,7.58,RU,overcast clouds
251,Acarau,-2.8856,-40.12,87.13,60,74,19.08,BR,broken clouds
252,Havre-Saint-Pierre,50.2334,-63.5986,19.4,63,1,14.97,CA,clear sky
253,Edea,3.8,10.1333,87.8,70,40,4.61,CM,scattered clouds
254,Novoorsk,51.381,58.9813,12.2,79,75,2.24,RU,broken clouds
255,Key+West,24.5557,-81.7826,75.0,60,40,10.36,US,scattered clouds
256,Adrar,20.5022,-10.0711,84.4,13,31,11.59,MR,scattered clouds
257,Yataity,-26.3667,-56.0667,79.84,83,93,7.76,PY,overcast clouds
258,Watertown,42.3709,-71.1828,19.99,45,1,12.66,US,clear sky
259,Natal,-5.795,-35.2094,87.8,62,40,18.41,BR,scattered clouds
260,El+Vigia,8.6219,-71.6506,84.07,57,10,5.44,VE,clear sky
261,Vilhena,-12.7406,-60.1458,83.03,60,100,3.53,BR,overcast clouds
262,Saint-Louis,16.3333,-15.0,98.6,10,0,2.3,SN,clear sky
263,Miranda,3.2499,-76.2281,86.0,54,40,2.3,CO,scattered clouds
264,Otta,61.7712,9.5353,13.53,86,0,5.23,NO,clear sky
265,Katakwi,1.8911,33.9661,84.36,26,98,8.68,UG,overcast clouds
266,Oistins,13.0667,-59.5333,84.2,61,40,14.97,BB,scattered clouds
267,Aksarka,66.5606,67.7975,-21.77,85,100,10.2,RU,overcast clouds
268,Evansville,37.9748,-87.5558,42.01,56,90,6.91,US,light rain
269,Kumluca,36.3703,30.2869,57.92,74,100,15.99,TR,light rain
270,Ornskoldsvik,63.2909,18.7153,14.0,85,90,10.36,SE,overcast clouds
271,Velika+Obarska,44.8053,19.1642,48.99,69,21,1.01,BA,few clouds
272,Umba,66.6871,34.3429,11.77,96,100,8.32,RU,light snow
273,Synya,65.3718,58.0387,-3.64,90,100,7.31,RU,overcast clouds
274,Rudraprayag,30.2833,78.9833,47.97,45,0,3.02,IN,clear sky
275,Marsh+Harbour,26.5412,-77.0636,65.62,60,53,11.56,BS,broken clouds
276,Bartica,6.4,-58.6167,80.6,94,75,13.8,GY,broken clouds
277,Kaliua,-5.0606,31.7936,69.66,87,97,1.14,TZ,light rain
278,Salalah,17.0151,54.0924,73.4,56,20,3.44,OM,few clouds
279,Athens,37.9795,23.7162,59.0,62,20,9.24,GR,few clouds
280,Coquimbo,-29.9533,-71.3436,68.0,73,20,14.97,CL,few clouds
281,Lagoa,39.05,-27.9833,62.37,90,8,31.09,PT,clear sky
282,Limanowa,49.7059,20.422,30.99,68,96,3.0,PL,light snow
283,Soyo,-6.1349,12.3689,81.5,80,98,9.73,AO,overcast clouds
284,Sinnamary,5.3833,-52.95,80.24,86,90,14.99,GF,light rain
285,Ancud,-41.8697,-73.8203,66.2,48,0,6.91,CL,clear sky
286,Jalu,29.0331,21.5482,66.79,34,0,9.75,LY,clear sky
287,Cayenne,4.9333,-52.3333,80.6,89,75,10.36,GF,broken clouds
288,Capaci,38.1711,13.2393,64.0,67,0,12.66,IT,clear sky
289,Hofn,64.2539,-15.2082,23.27,87,95,21.21,IS,overcast clouds
290,Ustka,54.5805,16.8619,29.64,89,85,11.63,PL,overcast clouds
291,Los+Llanos+De+Aridane,28.6585,-17.9182,66.2,72,75,16.11,ES,broken clouds
292,Letterkenny,54.95,-7.7333,41.0,70,75,16.11,IE,broken clouds
293,Ponta+Delgada,37.7333,-25.6667,64.99,94,40,16.11,PT,scattered clouds
294,Rawson,-43.3002,-65.1023,66.22,40,0,15.64,AR,clear sky
295,Pitimbu,-7.4706,-34.8086,87.8,58,40,14.97,BR,scattered clouds
296,Marzuq,14.4,46.4667,64.18,66,0,5.64,YE,clear sky
297,Dergachi,51.2328,48.7659,25.72,96,92,10.74,RU,overcast clouds
298,Juruti,-2.1522,-56.0922,89.83,53,11,5.14,BR,light rain
299,Tonstad,58.6626,6.7169,35.01,92,20,6.76,NO,few clouds
300,Bage,-31.3314,-54.1069,87.8,55,0,3.44,BR,clear sky
301,Uyuni,-20.4597,-66.825,60.22,28,0,10.07,BO,clear sky
302,Priekule,56.4468,21.5897,32.0,69,90,10.36,LV,overcast clouds
303,Jagdalpur,19.0667,82.0333,68.09,45,44,4.47,IN,scattered clouds
304,Starobaltachevo,56.0013,55.9213,25.77,98,100,10.87,RU,overcast clouds
305,Chuy,-33.6971,-53.4616,84.74,48,7,11.48,UY,clear sky
306,Scarborough,54.2797,-0.4044,37.0,75,100,5.01,GB,overcast clouds
307,Dolny+Kubin,49.2098,19.3034,30.0,87,100,5.01,SK,overcast clouds
308,Yar-Sale,66.8333,70.8333,-25.02,86,100,15.86,RU,light snow
309,Panaba,21.2833,-88.2667,77.65,60,21,12.12,MX,few clouds
310,Charleston,32.7766,-79.9309,54.0,50,1,11.5,US,clear sky
311,San+Rafael,-34.6177,-68.3301,65.93,57,88,4.99,AR,overcast clouds
312,Talcahuano,-36.7167,-73.1167,66.2,82,75,1.14,CL,broken clouds
313,Morlanwelz,50.45,4.2333,39.0,93,90,16.11,BE,overcast clouds
314,Baie-Comeau,49.2168,-68.1489,8.6,52,1,5.75,CA,clear sky
315,Lobito,-12.3481,13.5456,79.09,75,87,7.27,AO,overcast clouds
316,Ballina,-28.8667,153.5667,71.6,94,90,3.02,AU,overcast clouds
317,Norwich,52.6278,1.2983,37.99,75,20,19.57,GB,light rain
318,Urengoy,65.9667,78.3667,-29.2,82,97,8.75,RU,overcast clouds
319,Putina,-15.4667,-69.4333,51.19,56,31,7.16,PE,scattered clouds
320,Fez,34.0372,-4.9998,57.2,94,75,9.22,MA,broken clouds
321,Gamba,-2.65,10.0,80.04,83,95,10.4,GA,moderate rain
322,Bumba,2.1833,22.4667,81.93,38,26,2.71,CD,scattered clouds
323,Ewo,-0.8725,14.8206,75.11,81,100,3.6,CG,overcast clouds
324,Obo,5.3998,26.4869,81.01,18,53,5.44,CF,broken clouds
325,Chateau-Thierry,49.05,3.4,51.01,90,100,4.0,FR,overcast clouds
326,Aviles,43.5547,-5.9248,55.0,66,40,23.02,ES,light rain
327,Sirjan,29.452,55.6814,51.17,50,1,11.41,IR,clear sky
328,Siwana,25.6333,72.4167,56.28,34,0,0.51,IN,clear sky
329,Puteyets,65.1716,57.091,-5.58,90,100,13.49,RU,overcast clouds
330,Jiblah,13.9216,44.1467,59.76,80,29,1.68,YE,scattered clouds
331,Ponnani,10.767,75.9252,80.6,65,20,4.85,IN,haze
332,Junin,-34.5838,-60.9433,66.99,41,100,15.01,AR,overcast clouds
333,Tallahassee,30.4383,-84.2807,61.0,44,75,11.5,US,broken clouds
334,Agirish,61.9247,63.0231,-9.0,91,100,4.05,RU,overcast clouds
335,Beloha,-25.1667,45.05,81.7,61,55,5.97,MG,broken clouds
336,Awbari,26.5921,12.7805,61.72,31,0,4.83,LY,clear sky
337,Kakamega,0.2842,34.7523,71.6,35,75,9.22,KE,broken clouds
338,Ubala,4.7478,-72.5369,96.28,26,2,12.3,CO,clear sky
339,Ploemeur,47.7333,-3.4333,51.8,93,90,23.02,FR,mist
340,Salinas,36.6777,-121.6555,50.0,76,90,14.97,US,overcast clouds
341,Sur,22.5667,59.5289,67.6,57,0,9.82,OM,clear sky
342,Sorland,67.667,12.6934,30.92,92,11,8.52,NO,few clouds
343,Ambilobe,-13.2,49.05,75.92,90,80,1.41,MG,light rain
344,Viedma,-40.8135,-62.9967,75.0,30,60,1.01,AR,broken clouds
345,Sao+Felix+Do+Xingu,-6.6447,-51.995,89.2,52,92,4.27,BR,overcast clouds
346,Coihaique,-45.5752,-72.0662,66.2,39,20,10.36,CL,few clouds
347,Rock+Falls,41.7798,-89.689,32.0,80,90,17.27,US,overcast clouds
348,Elat,29.5581,34.9482,64.4,39,0,1.72,IL,clear sky
349,Trincomalee,8.5711,81.2335,79.34,83,61,13.6,LK,broken clouds
350,Lalibela,12.0333,39.0333,58.64,37,0,10.98,ET,clear sky
351,Pitea,65.3172,21.4794,14.0,92,90,9.22,SE,light snow
352,Mata+Grande,-9.1175,-37.7322,86.16,43,100,8.79,BR,overcast clouds
353,Herat,34.5,62.0,60.8,13,20,8.05,AF,few clouds
354,Nara,34.6851,135.8049,43.0,52,8,5.75,JP,clear sky
355,Athni,16.7333,75.0667,74.05,31,21,3.58,IN,few clouds
356,Kamina,-8.7386,24.9906,69.84,92,59,3.24,CD,broken clouds
357,Astana,51.1801,71.446,12.2,79,0,11.18,KZ,clear sky
358,Folldal,62.1325,9.9968,10.24,87,0,5.08,NO,clear sky
359,Richards+Bay,-28.783,32.0377,77.79,80,85,6.76,ZA,overcast clouds
360,Odweyne,9.4092,45.064,69.84,55,11,10.22,SO,few clouds
361,Urumqi,43.801,87.6005,3.2,85,15,1.63,CN,fog
362,Kochki,54.3358,80.4806,-9.29,86,8,9.08,RU,clear sky
363,Hun,29.1268,15.9477,66.94,26,0,5.66,LY,clear sky
364,Severnoye,56.3491,78.3619,-12.69,86,64,8.81,RU,broken clouds
365,Arlit,18.7369,7.3853,77.68,14,22,9.28,NE,few clouds
366,Veraval,20.9,70.3667,69.33,52,0,4.99,IN,clear sky
367,Skjervoy,70.0311,20.9714,27.95,89,100,11.32,NO,overcast clouds
368,Lodja,-3.4833,23.4333,71.94,93,100,2.55,CD,light rain
369,Arti,56.4234,58.5328,25.77,98,100,5.66,RU,overcast clouds
370,Opuwo,-18.0607,13.84,80.73,37,89,16.82,NA,overcast clouds
371,Benicarlo,40.4165,0.4271,51.01,60,0,13.0,ES,clear sky
372,Carmo+Do+Rio+Claro,-20.9719,-46.1189,84.27,51,97,4.99,BR,overcast clouds
373,Hit,33.6416,42.8251,54.43,44,27,4.32,IQ,scattered clouds
374,Vetluga,57.8557,45.781,20.41,96,63,9.13,RU,broken clouds
375,Padang,-0.9492,100.3543,78.13,72,100,4.92,ID,overcast clouds
376,Amapa,1.0,-52.0,80.13,90,88,4.52,BR,overcast clouds
377,Aguada+De+Pasajeros,22.385,-80.8508,77.0,47,20,13.8,CU,moderate rain
378,Palmas,-10.2128,-48.3603,84.2,74,40,4.61,BR,scattered clouds
379,Skibbereen,51.55,-9.2667,41.0,87,75,9.22,IE,broken clouds
380,Teabo,20.4,-89.2833,79.18,48,95,5.95,MX,overcast clouds
381,Roald,62.5833,6.1333,33.8,75,40,8.05,NO,snow
382,Tukrah,32.5341,20.5791,61.54,87,0,11.81,LY,clear sky
383,Sondershausen,51.3667,10.8667,30.99,76,100,3.0,DE,overcast clouds
384,Bajil,15.0584,43.2851,75.38,73,71,5.41,YE,broken clouds
385,Kosh-Agach,50.0,88.6667,-6.39,86,21,2.19,RU,few clouds
386,Eyl,7.9803,49.8164,73.94,76,19,17.09,SO,few clouds
387,Houma,29.5958,-90.7195,70.0,64,90,17.27,US,overcast clouds
388,Malinovskiy,61.1953,62.8397,-5.21,92,100,4.27,RU,light snow
389,Kilingi-Nomme,58.1503,24.9642,22.87,98,94,5.73,EE,overcast clouds
390,Kulu,39.0951,33.0799,39.65,90,100,18.61,TR,light rain
391,Ambanja,-13.6833,48.45,77.38,85,40,1.39,MG,light rain
392,Idritsa,56.3316,28.8988,25.34,97,99,10.51,RU,snow
393,Saint+Anthony,45.0205,-93.218,30.2,64,90,8.05,US,light snow
394,Bodri,23.1667,81.4333,51.31,39,0,2.51,IN,clear sky
395,Emirdag,39.0197,31.15,38.79,89,100,7.02,TR,overcast clouds
396,Howick,-29.4779,30.2306,73.99,95,10,1.72,ZA,moderate rain
397,Kula,38.5473,28.6498,39.58,96,100,2.66,TR,light rain
398,Russkiy+Kameshkir,52.8589,46.0892,20.64,97,74,8.01,RU,broken clouds
399,Mamu+Kanjan,30.8333,72.8,55.06,34,7,3.31,PK,clear sky
400,Tabou,4.423,-7.3528,81.05,82,45,8.9,CI,moderate rain
401,Pavino,59.1139,46.1414,27.93,98,100,9.35,RU,light snow
402,Carnarvon,-24.8667,113.6333,82.4,65,30,10.36,AU,scattered clouds
403,Bayji,34.9311,43.487,51.06,55,74,1.59,IQ,broken clouds
404,Pedernales,18.0384,-71.744,80.22,59,6,6.96,DO,clear sky
405,Atar,20.5169,-13.0499,88.43,10,26,13.24,MR,scattered clouds
406,Marawi,7.9986,124.2928,66.54,92,99,2.39,PH,overcast clouds
407,Tete,-16.1564,33.5867,87.01,74,40,4.61,MZ,scattered clouds
408,Araouane,18.9048,-3.5265,83.3,13,26,7.07,ML,scattered clouds
409,San+Pedro+De+Macoris,18.4616,-69.2972,82.4,78,75,11.5,DO,broken clouds
410,Karacabey,40.2152,28.4038,44.6,87,75,1.14,TR,broken clouds
411,Mikun,62.3547,50.0771,25.84,98,100,8.25,RU,light snow
412,Drolshagen,51.0167,7.7667,33.01,79,100,10.4,DE,light snow
413,Mecca,21.4267,39.8261,71.08,36,5,8.01,SA,clear sky
414,Muzhi,65.3667,64.6667,-19.43,87,100,4.97,RU,overcast clouds
415,Bhinga,27.7167,81.9333,49.19,55,0,2.84,IN,clear sky
416,Umm+Kaddadah,13.6017,26.6876,70.11,21,0,13.0,SD,clear sky
417,Kulhudhuffushi,6.6221,73.07,81.99,67,95,8.28,MV,overcast clouds
418,Prilep,41.3464,21.5544,44.6,70,0,2.3,MK,clear sky
419,Suluq,31.6682,20.2521,61.09,81,0,7.29,LY,clear sky
420,Mancio+Lima,-7.6142,-72.8958,84.2,79,75,3.44,BR,broken clouds
421,Annapolis,38.9785,-76.4922,35.01,40,1,8.05,US,clear sky
422,Huambo,-12.7761,15.7392,66.92,72,97,0.96,AO,overcast clouds
423,Ponte+Nova,-20.4164,-42.9086,84.11,57,35,9.48,BR,scattered clouds
424,Antalaha,-14.9003,50.2788,79.05,79,42,1.92,MG,scattered clouds
425,Bhuban,20.8833,85.8333,64.42,78,21,2.01,IN,few clouds
426,Perevolotskiy,51.8763,54.1938,21.9,98,100,5.46,RU,overcast clouds
427,Kuntaur,13.6667,-14.8833,101.21,7,28,7.56,GM,scattered clouds
428,Stavnsholt,55.8148,12.4055,32.0,90,85,10.25,DK,overcast clouds
429,Polovinnoye,54.7914,65.9864,17.31,96,100,8.66,RU,overcast clouds
430,Jizan,17.3333,42.6667,80.6,74,20,9.22,SA,few clouds
431,Bengkulu,-3.8004,102.2655,75.81,88,100,6.93,ID,overcast clouds
432,Maniitsoq,65.4167,-52.9,14.4,83,0,16.22,GL,clear sky
433,Barao+De+Melgaco,-16.1944,-55.9675,91.4,52,40,11.5,BR,scattered clouds
434,Aasiaat,68.7098,-52.8699,-1.1,85,34,5.48,GL,scattered clouds
435,Stornoway,58.2093,-6.3865,37.99,65,75,4.61,GB,broken clouds
436,Guane,22.2025,-84.0875,74.01,58,49,14.38,CU,scattered clouds
437,Atasu,48.6814,71.6433,22.39,89,100,13.02,KZ,overcast clouds
438,Dalbandin,28.8947,64.4101,63.72,22,14,4.5,PK,few clouds
439,Westport,41.1415,-73.3579,25.0,42,1,12.66,US,clear sky
440,Ramanuj+Ganj,23.8,83.7,47.59,48,0,3.0,IN,clear sky
441,Bure,10.7,37.0667,66.04,37,32,5.99,ET,scattered clouds
442,Nizamabad,18.6667,78.1167,71.67,58,9,6.13,IN,clear sky
443,Lochem,52.1592,6.4111,33.01,88,100,3.0,NL,overcast clouds
444,San+Carlos+De+Bariloche,-41.1456,-71.3082,71.6,23,20,4.61,AR,few clouds
445,Maragogi,-9.0122,-35.2225,83.75,66,92,11.07,BR,overcast clouds
446,Mafinga,-7.25,35.0667,70.88,79,80,3.94,TZ,broken clouds
447,Necochea,-38.5473,-58.7368,68.0,47,100,15.14,AR,overcast clouds
448,Bhatkal,13.9667,74.5667,76.87,66,1,4.32,IN,clear sky
449,Biu,10.6129,12.1946,82.15,15,1,7.38,NG,clear sky
450,Yorosso,12.3536,-4.7761,94.44,9,0,6.44,ML,clear sky
451,Yarmouth,41.7057,-70.2286,19.99,63,75,10.36,US,broken clouds
452,Colborne,44.0001,-77.8828,15.8,57,0,6.91,CA,clear sky
453,Sembe,1.6481,14.5806,76.39,86,98,2.82,CG,light rain
454,Nyandoma,61.669,40.1991,16.61,98,100,5.21,RU,overcast clouds
455,Yabrud,33.9674,36.6574,44.6,87,75,11.5,SY,broken clouds
456,Kutum,14.2,24.6667,66.16,23,0,11.63,SD,clear sky
457,Rio+Cuarto,-33.1307,-64.3499,60.8,94,90,16.11,AR,overcast clouds
458,Karlstad,59.3793,13.5036,12.2,85,0,1.14,SE,clear sky
459,Tatarbunary,45.8373,29.6142,37.17,98,100,6.06,UA,overcast clouds
460,Masvingo,-20.0637,30.8277,70.45,90,100,7.16,ZW,light rain
461,Bafra,41.5678,35.9069,53.6,26,75,4.61,TR,broken clouds
462,Canakkale,40.0833,26.8333,46.4,81,75,6.91,TR,broken clouds
463,Jumla,29.2747,82.1838,31.37,68,0,3.0,NP,clear sky
464,Rio+Gallegos,-51.6226,-69.2181,64.4,34,75,18.41,AR,broken clouds
465,Quime,-16.9833,-67.2167,59.14,62,67,4.81,BO,broken clouds
466,Port-Cartier,50.0334,-66.8654,18.0,52,34,6.91,CA,scattered clouds
467,Piacabucu,-10.4056,-36.4344,84.6,62,93,12.08,BR,light rain
468,Serenje,-13.2325,30.2352,65.95,96,81,4.63,ZM,light rain
469,Kirkwall,58.9848,-2.9587,35.6,75,75,4.61,GB,broken clouds
470,Sarai+Sidhu,30.5949,71.9698,55.4,76,20,6.02,PK,smoke
471,San+Ignacio,17.1561,-89.0714,75.2,78,0,4.61,BZ,clear sky
472,Norrtalje,59.758,18.705,17.01,85,0,5.75,SE,clear sky
473,Rawah,34.4816,41.9093,51.48,54,27,3.74,IQ,scattered clouds
474,Parabel,58.6978,81.4825,-26.57,84,91,5.68,RU,overcast clouds
475,Dingle,10.9995,122.6711,71.74,90,99,10.31,PH,overcast clouds
476,Gigant,46.5066,41.3419,38.46,77,61,8.34,RU,broken clouds
477,Normandin,48.8333,-72.5321,1.4,66,0,10.36,CA,clear sky
478,Pyaozerskiy,65.8333,31.1667,11.86,96,100,6.82,RU,overcast clouds
479,Caetite,-14.0694,-42.475,86.83,35,87,9.66,BR,overcast clouds
480,Gornyak,50.9942,81.4661,8.26,90,0,3.6,RU,clear sky
481,Novoblagodarnoye,44.1433,42.875,39.2,81,75,15.66,RU,broken clouds
482,Prado,-17.3411,-39.2208,83.17,59,1,9.53,BR,clear sky
483,Lokosovo,61.1333,74.8167,-19.37,86,100,13.47,RU,overcast clouds
484,Warmbad,-28.45,18.7333,92.03,8,0,16.13,NA,clear sky
485,Gazli,40.1333,63.45,52.25,42,94,11.16,UZ,overcast clouds
486,Semme,46.1963,1.5007,48.0,93,90,13.8,FR,mist
487,Bankura,23.25,87.0667,57.92,34,0,7.99,IN,clear sky
488,Cochrane,51.1834,-114.4687,18.0,85,90,4.61,CA,overcast clouds
489,Anloga,5.7947,0.8973,87.8,70,20,10.36,GH,few clouds
490,Esna,25.2934,32.554,66.2,32,0,7.56,EG,clear sky
491,Iralaya,15.0,-83.2333,82.4,74,75,5.75,HN,broken clouds
492,Senanga,-16.1167,23.2667,76.24,72,50,1.14,ZM,light rain
493,Santa+Vitoria+Do+Palmar,-33.5189,-53.3681,84.43,52,17,11.79,BR,few clouds
494,Benjamin+Aceval,-24.9667,-57.5667,89.6,62,75,17.27,PY,broken clouds
495,Cockburn+Town,21.4612,-71.1419,72.36,66,39,17.47,TC,scattered clouds
496,Port+Shepstone,-30.7414,30.455,76.41,84,1,7.31,ZA,clear sky
497,Bereda,43.2686,-7.5406,46.99,96,88,8.01,ES,overcast clouds
498,Borsa,47.6553,24.6633,36.0,83,100,11.01,RO,overcast clouds
499,Otacilio+Costa,-27.4831,-50.1219,72.54,94,100,3.0,BR,overcast clouds
500,Znamenka,52.4167,41.4311,22.84,97,91,9.44,RU,light snow
501,Salinopolis,-0.6136,-47.3561,81.09,85,95,13.24,BR,moderate rain
502,Loten,60.8171,11.3376,12.85,93,1,2.08,NO,clear sky
503,Uravakonda,14.95,77.2667,74.21,47,59,12.37,IN,broken clouds
504,Calbuco,-41.768,-73.1273,66.2,55,0,11.5,CL,clear sky
505,Culebra,18.303,-65.301,82.4,65,75,14.97,PR,broken clouds
506,Pueblo+Nuevo,23.3833,-105.3833,68.9,34,0,3.78,MX,clear sky
507,Visby,57.6409,18.296,27.0,86,90,14.97,SE,overcast clouds
508,San+Joaquin,37.9333,-121.3011,46.4,76,90,3.44,US,overcast clouds
509,Baloda+Bazar,21.6667,82.1667,59.7,28,0,6.35,IN,clear sky
510,Agadez,19.75,10.25,60.93,28,0,1.74,NE,clear sky
511,Salamiyah,35.0113,37.0532,50.11,65,98,12.82,SY,overcast clouds
512,Iskateley,67.6803,53.1512,2.32,93,100,14.54,RU,light snow
513,Tessalit,20.1986,1.0114,80.08,13,83,5.37,ML,broken clouds
514,Villacidro,39.4578,8.7406,60.01,88,40,8.05,IT,scattered clouds
515,Izhma,65.0083,53.9113,1.63,91,99,11.01,RU,overcast clouds
516,Upington,-28.4478,21.2561,89.6,12,20,8.05,ZA,few clouds
517,Omboue,-1.5746,9.2618,79.77,81,55,8.05,GA,moderate rain
518,Khvoynaya,58.9,34.5333,24.15,98,100,6.62,RU,light snow
519,Mahenge,-8.6833,36.7167,66.29,100,60,1.7,TZ,broken clouds
520,Bayan,46.0833,127.4,-22.5,86,0,1.92,CN,clear sky
521,Kedrovoye,57.1576,60.5698,12.2,92,75,1.72,RU,light snow
522,Mayor+Pablo+Lagerenza,-19.9309,-60.7718,98.38,34,36,21.03,PY,scattered clouds
523,Zyryanskoye,56.8306,86.6258,-28.37,84,0,3.06,RU,clear sky
524,Bondoukou,8.0333,-2.8,96.8,20,3,3.31,CI,clear sky
525,Raga,8.4596,25.678,79.66,17,37,5.44,SS,scattered clouds
526,Dothan,31.2232,-85.3905,59.0,47,1,11.5,US,clear sky
527,Karasburg,-28.0167,18.75,89.4,10,0,17.22,NA,clear sky
528,Dolores,-36.3132,-57.6792,70.52,46,100,14.12,AR,light rain
529,Ararangua,-28.9347,-49.4858,85.86,64,100,9.42,BR,overcast clouds
530,Safaga,26.7292,33.9365,66.2,39,0,1.01,EG,clear sky
531,Vallenar,-28.5708,-70.7581,89.08,18,0,11.68,CL,clear sky
532,Minab,27.1467,57.0801,71.6,64,40,4.61,IR,scattered clouds
533,Atakpame,7.5333,1.1333,95.76,22,0,1.83,TG,clear sky
534,Marevo,57.3146,32.0804,25.2,95,100,10.07,RU,snow
535,Beisfjord,68.3751,17.5988,6.8,85,48,3.44,NO,scattered clouds
536,Mount+Abu,24.6,72.7,47.25,46,0,4.36,IN,clear sky
537,Zarya,55.7553,38.0958,28.4,74,75,11.18,RU,snow
538,Mannargudi,10.6667,79.4333,72.66,87,0,6.96,IN,clear sky
539,Tazmalt,36.3868,4.3989,60.64,65,62,10.83,DZ,broken clouds
540,Formosa,-26.1775,-58.1781,91.4,58,40,13.8,AR,scattered clouds
541,Dunkwa,5.9656,-1.78,89.55,52,59,3.36,GH,broken clouds
542,Buraydah,26.326,43.975,57.2,54,0,4.61,SA,clear sky
543,Calatayud,41.3535,-1.6432,57.2,41,33,21.85,ES,scattered clouds
544,Puerto+Ayacucho,5.6639,-67.6236,92.1,42,8,6.02,VE,clear sky
545,Matay,28.419,30.7792,55.38,39,0,6.44,EG,clear sky
546,Makat,47.6469,53.3463,27.81,97,95,8.21,KZ,overcast clouds
547,Contamana,-7.3333,-75.0167,75.43,95,96,2.51,PE,overcast clouds
548,Sfantu+Gheorghe,45.8667,25.7833,37.99,90,76,10.63,RO,broken clouds
549,Bulri,24.8667,68.3333,61.12,53,0,8.81,PK,clear sky
550,Knysna,-34.0363,23.0471,69.8,68,20,9.22,ZA,few clouds
551,Maputo,-25.9653,32.5892,86.0,78,40,13.8,MZ,scattered clouds
552,Kavadarci,41.4331,22.0119,50.0,70,0,2.3,MK,clear sky
553,Nantucket,41.2835,-70.0995,19.4,68,20,14.97,US,few clouds
554,Merritt+Island,28.5392,-80.672,71.6,46,75,6.91,US,broken clouds
555,Lappeenranta,61.0587,28.1887,24.8,93,40,6.91,FI,light snow
556,Semnan,35.5729,53.3971,45.75,53,100,5.84,IR,overcast clouds
557,Gao,16.6362,1.637,84.16,12,1,7.65,ML,clear sky
558,Gambela,8.25,34.5833,84.85,31,32,2.19,ET,scattered clouds
559,Sao+Borja,-28.6606,-56.0044,88.83,59,52,11.52,BR,broken clouds
560,Mandra,38.0667,23.5,59.0,62,20,13.65,GR,few clouds
561,Ouango,4.3133,22.5552,86.02,20,15,2.77,CF,few clouds
562,Bandundu,-3.3167,17.3667,77.38,83,99,3.98,CD,overcast clouds
563,Kotaparh,19.15,82.35,66.65,43,40,6.98,IN,scattered clouds
564,Teguise,29.0605,-13.564,68.0,64,20,17.27,ES,few clouds
565,Susangerd,31.5608,48.1831,59.0,44,0,6.91,IR,clear sky
566,Woodstock,43.1334,-80.7497,24.8,63,93,3.44,CA,overcast clouds
567,Bogdanci,41.2031,22.5756,53.01,68,1,1.01,MK,clear sky
568,Saint-Georges,12.0564,-61.7485,84.2,61,20,18.41,GD,few clouds
569,El+Carmen,8.5106,-73.4478,85.8,35,58,2.8,CO,broken clouds
570,Marmora,44.4583,7.094,44.6,76,75,4.61,IT,broken clouds
571,Aden,12.7794,45.0367,75.45,69,0,8.61,YE,clear sky
572,Ferrol,43.4832,-8.2369,54.0,67,99,18.01,ES,light rain
573,Keti+Bandar,24.1447,67.4497,66.43,64,0,9.4,PK,clear sky
574,Rameswaram,9.2833,79.3,79.5,81,1,19.13,IN,clear sky
575,Disna,55.568,28.1971,24.58,97,98,10.02,BY,overcast clouds
576,Constitucion,-35.3333,-72.4167,63.54,88,90,2.21,CL,overcast clouds
577,Mairena+Del+Alcor,37.373,-5.7495,64.0,51,0,18.41,ES,clear sky
578,Zhezkazgan,47.8043,67.7144,18.19,95,100,8.93,KZ,overcast clouds
579,Dahra,36.2546,0.8519,64.4,55,40,23.02,DZ,scattered clouds
580,Sidi+Ali,36.0998,0.4206,58.33,87,92,24.27,DZ,overcast clouds
581,Kidal,18.4411,1.4078,81.23,13,43,4.74,ML,scattered clouds
582,Seversk,56.6006,84.8864,-22.0,75,0,2.24,RU,clear sky
583,Sirnak,37.5228,42.4594,26.85,98,93,3.11,TR,overcast clouds
584,Thompson,55.7435,-97.8558,12.2,85,90,3.06,CA,light snow
585,Morozovsk,48.3539,41.8261,35.2,86,96,9.42,RU,overcast clouds
586,Glace+Bay,46.1969,-59.957,30.2,59,75,17.27,CA,broken clouds
587,Puerto+Baquerizo+Moreno,-0.9,-89.6,84.2,74,40,10.36,EC,scattered clouds
588,Abha,18.2164,42.5053,60.8,63,0,4.61,SA,clear sky
589,Aracatuba,-21.2089,-50.4328,88.38,54,21,5.99,BR,few clouds
590,Altamira,-3.2033,-52.2064,87.8,66,75,4.61,BR,broken clouds
591,Olavarria,-36.8927,-60.3225,74.05,30,100,13.27,AR,overcast clouds
592,Kuytun,54.3419,101.5036,-20.31,85,100,14.36,RU,overcast clouds
593,Mocuba,-16.8392,36.9856,76.39,94,100,5.44,MZ,light rain
594,Gap,44.6667,6.0,36.0,88,100,7.99,FR,overcast clouds
595,Barwani,22.0333,74.9,67.37,26,0,4.21,IN,clear sky
596,San-Pedro,4.7485,-6.6363,81.09,82,59,9.35,CI,light rain
597,Oriximina,-1.7656,-55.8661,88.32,60,12,5.55,BR,light rain
598,Cauquenes,-35.9671,-72.3225,62.74,89,98,5.99,CL,overcast clouds
599,Bosaso,11.2842,49.1816,73.67,73,0,6.31,SO,clear sky
600,Parana,-31.732,-60.5238,75.0,74,100,5.01,AR,light rain
601,Wageningen,51.9667,5.6667,35.01,86,90,13.8,NL,overcast clouds
602,Kedrovyy,56.1667,91.8167,-29.2,75,0,2.24,RU,clear sky
603,Zaysan,47.4667,84.8667,-0.78,86,74,2.17,KZ,broken clouds
604,Arkadak,51.9326,43.4978,22.06,97,79,7.76,RU,broken clouds
605,Albanel,48.8832,-72.4487,1.4,66,0,10.36,CA,clear sky
606,San+Matias,-16.3667,-58.4,91.51,48,52,10.33,BO,broken clouds
607,Zbarazh,49.6636,25.7762,34.79,92,94,15.66,UA,light snow
608,Sisimiut,66.9395,-53.6735,8.51,92,76,8.19,GL,broken clouds
609,Taybad,34.74,60.7756,56.91,32,100,11.1,IR,overcast clouds
610,Clacton-On-Sea,51.7897,1.156,39.99,82,100,7.0,GB,light rain
611,Adre,13.4667,22.2,75.02,19,0,9.35,TD,clear sky
612,Alghero,40.5589,8.3181,57.2,94,40,17.27,IT,scattered clouds
613,Portoferraio,42.8115,10.3146,57.0,87,90,13.8,IT,fog
614,Melilla,35.2937,-2.9383,66.2,100,0,19.57,ES,clear sky
615,Alice+Town,25.7167,-79.3,67.71,62,71,14.0,BS,broken clouds
616,Aksu,41.1231,80.2644,21.54,79,0,1.59,CN,clear sky
617,Grand-Lahou,5.1367,-5.0242,83.03,75,42,8.48,CI,light rain
618,Nortelandia,-14.4547,-56.8028,86.16,66,46,5.95,BR,scattered clouds
619,Rioja,-29.4111,-66.8507,78.76,49,96,8.79,AR,overcast clouds
620,Bowling+Green,36.9903,-86.4436,46.99,45,90,8.05,US,overcast clouds
621,Yayva,59.3303,57.2641,8.01,61,99,3.0,RU,overcast clouds
622,Makokou,0.5738,12.8642,75.97,85,99,3.42,GA,moderate rain
623,Cafarnaum,-11.6936,-41.4683,91.6,27,0,9.6,BR,clear sky
624,Bonthe,7.5264,-12.505,84.88,64,23,12.28,SL,few clouds
625,Setermoen,68.861,18.3486,-4.0,84,85,5.53,NO,overcast clouds
626,Turinskaya+Sloboda,57.6232,64.3858,17.44,97,100,6.93,RU,overcast clouds
627,Potoru,7.5072,-11.4786,93.04,36,60,6.08,SL,broken clouds
628,Pedana,16.2667,81.1667,77.0,73,40,3.44,IN,mist
629,Chapais,49.7834,-74.8492,-2.2,71,90,5.75,CA,light snow
630,Mwene-Ditu,-7.0,23.45,72.66,77,95,1.25,CD,overcast clouds
631,Chisinau,47.0056,28.8575,37.4,87,0,6.91,MD,clear sky
632,Yining,29.0361,114.5636,46.54,73,89,0.36,CN,overcast clouds
633,Khudumelapye,-23.8833,24.75,77.65,67,80,3.22,BW,moderate rain
634,Kuvandyk,51.4781,57.3552,14.95,96,67,1.74,RU,broken clouds
635,Umm+Lajj,25.0213,37.2685,69.31,52,0,17.56,SA,clear sky
636,Lahij,13.1667,44.5833,70.29,69,4,5.53,YE,clear sky
637,Sagua+De+Tanamo,20.5819,-75.2414,74.71,61,51,11.52,CU,broken clouds
638,Thinadhoo,0.5333,72.9333,82.02,78,100,16.26,MV,overcast clouds
639,Crotone,39.0851,17.1178,55.4,71,0,11.5,IT,clear sky
640,Plyussa,58.4308,29.3654,22.44,98,95,5.14,RU,overcast clouds
641,Sasso+Marconi,44.3995,11.2495,46.0,87,20,6.91,IT,few clouds
642,Takoradi,4.8845,-1.7554,83.17,73,6,10.13,GH,light rain
643,Belmonte,-15.8631,-38.8828,84.2,83,75,9.22,BR,broken clouds
644,Manta,-0.95,-80.7333,77.0,94,90,3.44,EC,light rain
645,Akdepe,42.0551,59.3788,44.6,53,98,6.91,TM,haze
646,Seydi,39.4816,62.9137,51.71,43,75,5.95,TM,broken clouds
647,San+Miguel+De+Cauri,-10.1,-76.5833,49.77,74,98,5.44,PE,overcast clouds
648,Bulungu,-4.55,18.6,77.05,86,100,5.35,CD,light rain
649,Abnub,27.2696,31.1511,62.6,45,0,4.61,EG,clear sky
650,Ardrishaig,56.0157,-5.4481,39.2,75,20,17.27,GB,few clouds
651,The+Valley,18.217,-63.0578,82.4,69,40,9.22,AI,scattered clouds
652,Pindiga,9.9833,10.9333,84.2,17,7,5.75,NG,haze
653,Petrolina,-9.3986,-40.5008,87.8,48,75,11.5,BR,broken clouds
654,Riviere-Du-Loup,47.8304,-69.5342,8.6,61,100,6.91,CA,overcast clouds
655,Amalapuram,16.5833,82.0167,77.0,78,72,4.61,IN,mist
656,Olonets,60.9847,32.9698,23.59,98,100,6.04,RU,light snow
657,Itarema,-2.9248,-39.9167,86.94,60,78,18.1,BR,broken clouds
658,Buta,2.7858,24.73,80.89,30,81,1.79,CD,broken clouds
659,Kirov,58.5966,49.6601,27.97,98,100,14.0,RU,snow
660,Abeche,13.8292,20.8324,81.66,16,0,9.8,TD,clear sky
661,Rurrenabaque,-14.4413,-67.5278,81.3,85,96,6.02,BO,overcast clouds
662,Valparaiso,-33.0393,-71.6273,68.0,72,0,8.05,CL,clear sky
663,Ouro+Preto+Do+Oeste,-10.7481,-62.2158,81.55,85,60,3.65,BR,broken clouds
664,Manoel+Urbano,-8.8389,-69.2597,83.5,83,49,3.78,BR,scattered clouds
665,Youkounkoun,12.5333,-13.1333,102.4,7,11,5.37,GN,few clouds
666,Portobelo,9.55,-79.65,82.0,99,38,18.72,PA,scattered clouds
667,Mangaratiba,-22.9597,-44.0406,102.2,27,20,10.36,BR,few clouds
668,Jiwani,25.05,61.7417,70.36,61,0,10.94,PK,clear sky
669,Zapolyarnyy,69.4154,30.8136,24.8,93,75,13.8,RU,light snow
670,Kuhdasht,33.535,47.6061,41.18,67,28,1.14,IR,scattered clouds
671,Verkhniye+Kigi,55.4083,58.6044,19.65,96,94,3.94,RU,overcast clouds
672,Zverinogolovskoye,54.4586,64.8542,18.86,96,100,9.28,RU,overcast clouds
673,Veinticinco+De+Mayo,-35.4323,-60.1727,64.0,63,100,8.01,AR,light rain
674,Maku,39.2911,44.4521,24.48,88,7,8.3,IR,clear sky
675,Point+Pleasant,40.0832,-74.0682,30.99,46,1,10.36,US,clear sky
676,Puerto+Rondon,6.2805,-71.1,91.0,39,4,10.74,CO,clear sky
677,Palmeira,-25.4294,-50.0064,71.26,90,100,4.61,BR,overcast clouds
678,Chalus,36.655,51.4204,50.0,93,75,4.61,IR,broken clouds
679,Lasa,46.6166,10.7002,39.99,80,0,4.61,IT,clear sky
680,La+Tuque,47.4334,-72.7824,3.2,66,34,5.75,CA,scattered clouds
681,Oranjemund,-28.55,16.4333,65.79,78,0,20.09,NA,clear sky
682,Sinjar,36.3209,41.8754,43.79,62,85,2.55,IQ,overcast clouds
683,Rio+Tercero,-32.173,-64.1141,64.99,88,100,3.0,AR,overcast clouds
684,Yukhnov,54.7444,35.2297,22.73,96,100,8.34,RU,overcast clouds
685,Namibe,-15.1961,12.1522,75.81,71,88,12.17,AO,overcast clouds
686,Tobermory,45.2501,-81.6665,21.2,79,98,6.91,CA,overcast clouds
687,Koplik,42.2136,19.4364,48.2,87,20,4.61,AL,few clouds
688,Placido+De+Castro,-10.3353,-67.1856,81.39,89,83,3.18,BR,broken clouds
689,Saint-Francois,46.4154,3.9054,51.8,76,90,5.75,FR,overcast clouds
690,Salvador,13.8333,-88.9167,87.8,45,20,5.75,SV,few clouds
691,Rio+Grande,-32.035,-52.0986,84.2,74,75,11.5,BR,broken clouds
692,Aqtobe,50.2797,57.2072,8.6,92,67,2.24,KZ,broken clouds
693,Malokaterynivka,47.6525,35.2539,42.8,87,75,11.18,UA,broken clouds
694,Ghazipur,25.5833,83.5667,50.02,50,0,5.66,IN,clear sky
695,Kangaatsiaq,68.3065,-53.4641,5.7,90,66,6.31,GL,broken clouds
696,Matagami,49.7502,-77.6328,-2.2,84,90,6.91,CA,light snow
697,San+Pedro+Sula,15.5,-88.0333,80.01,88,75,1.48,HN,broken clouds
698,Ancona,43.55,13.1667,57.99,54,75,2.3,IT,light rain
699,Phalodi,27.1333,72.3667,57.47,26,0,3.42,IN,clear sky
700,Mehamn,71.0357,27.8492,26.04,97,100,22.15,NO,light snow
701,Agen,44.2,0.6333,52.0,71,75,11.5,FR,broken clouds
702,Porto+Velho,-8.7619,-63.9039,86.0,66,75,3.44,BR,broken clouds
703,Kudahuvadhoo,2.6708,72.8944,81.28,76,43,11.97,MV,scattered clouds
704,Alenquer,-1.9417,-54.7383,82.4,78,75,9.22,BR,broken clouds
705,Pryshyb,47.2603,35.3228,42.8,87,75,11.18,UA,broken clouds
706,Xuddur,4.1213,43.8894,78.98,19,0,9.44,SO,clear sky
707,San+Carlos+Del+Zulia,9.0,-71.9135,87.62,52,15,4.79,VE,few clouds
708,Zonguldak,41.25,31.8333,38.21,91,100,5.37,TR,overcast clouds
709,Trussville,33.6198,-86.6089,51.8,40,90,8.05,US,overcast clouds
710,Road+Town,18.4167,-64.6167,75.2,94,40,6.91,VG,scattered clouds
711,Streator,41.1209,-88.8354,34.0,69,90,19.57,US,overcast clouds
712,Aruppukkottai,9.5167,78.1,77.63,75,35,9.64,IN,scattered clouds
713,Abonnema,4.7084,6.7931,93.2,52,46,2.3,NG,scattered clouds
714,Atbasar,51.8,68.3333,17.67,94,100,8.1,KZ,overcast clouds
715,Sept-Iles,50.2001,-66.3821,18.0,52,24,6.91,CA,few clouds
716,Benguela,-12.5763,13.4055,79.34,74,83,7.99,AO,broken clouds
717,Jacareacanga,-6.2222,-57.7528,76.73,87,100,3.04,BR,moderate rain
